{"capacity": [0.4446052784974671, 0.6904753312246588, 0.8107001380631291, 0.7475248900472269, 0.24890136407267416, 0.46854158229245246, 0.5450812085090571, 0.41585474897232966, 0.17533991206423538, 0.9785190100569826, 0.9064404025633592, 0.24749547205101774, 0.6619945136336914, 0.34017536843010565, 0.7124339062618219, 0.5269720601123216, 0.16164526571032956, 0.9906818748057472, 0.08467041614573989, 0.675473754491793, 0.16246128884082256, 0.9418137413944331, 0.26989159497685944, 0.7670784356293111, 0.7191779454774404, 0.19387561487044624, 0.4412491446489366, 0.030628170650254916, 0.14218642726493447, 0.9157983031799084, 0.47250190050395036, 0.5119255905438622, 0.7061395073644653, 0.6798986852776161, 0.6450512537921832, 0.4691718676314628, 0.3886469054816475, 0.6682099909613853, 0.5089992956105239, 0.6018267370621649, 0.8669477630382596, 0.41076193365370217, 0.2014659284087178, 0.3585177371536704, 0.4787670828500382, 0.012939608135312142, 0.683328115034931, 0.8559491493415425, 0.4993449178914636, 0.05066404499874899, 0.3471355898985452, 0.06309836702688265, 0.3609939831801128, 0.6567162757076233, 0.6270344318234041, 0.3462662724513995, 0.8428224680130482, 0.5114235272035144, 0.2068357648102347, 0.7181223723218518, 0.4474521297532158, 0.4099069464329642, 0.9683377797636048, 0.49242248901324337, 0.5024207181222224, 0.7479126844136238, 0.8701493152806088, 0.5915555885433792, 0.26566241734167506, 0.5219356606563478, 0.2566419441032258, 0.5674977326762524, 0.09015761791980714, 0.8546142797908998, 0.13976620501774717, 0.3850737489942706, 0.05712648089032801, 0.02064354581107475, 0.1040049575606451, 0.03143307403253326, 0.2998102490234108, 0.6928324181692148, 0.5678003687774706, 0.5079386535615618, 0.4536400076756505, 0.6226616475179447, 0.39356745502481194, 0.3382761674384608, 0.7448239935921636, 0.8504895814414061, 0.8938381918434826, 0.8046422383193139, 0.4399267252744783, 0.8018412452693241, 0.8644199245602007, 0.500894278997624, 0.6688594004003715, 0.18226687456390878, 0.8137749366618555, 0.2144669318561796], "free": [0.7199075607180029, 0.28393705778438016, 0.7521285968218379, 0.650361814074426, 0.5251214625490107, 0.7428866785456766, 0.2122665934803577, 0.38471919690998957, 0.5924066513394508, 0.704523911191868, 0.6191656162118849, 0.028150251334996934, 0.2230798278528766, 0.44700748477351104, 0.5127866922970974, 0.0018769905637234796, 0.20481683354697156, 0.22978369879126703, 0.990993796552457, 0.29937881352093076, 0.07503563064732899, 0.5647371991185368, 0.23667232846601027, 0.19522234124958615, 0.03981746578158063, 0.19824049228669416, 0.03379297416395999, 0.17278831049361687, 0.8459865366244763, 0.4673383253190647, 0.29842077635203046, 0.8042074404497237, 0.9021787080080187, 0.4413386500041061, 0.6431887616115047, 0.7338035635800694, 0.13159130130943142, 0.17776132363190122, 0.3113750202539044, 0.21329340834483934, 0.07155517176174353, 0.22784089103385785, 0.2766390320630542, 0.9687157475199668, 0.5345891792983307, 0.9288197504821702, 0.4364093273980074, 0.07315978648908683, 0.9498415488522293, 0.537864273489376, 0.8171995423322496, 0.4714133172563184, 0.0654081253660318, 0.3698135169707316, 0.8607245966146018, 0.6754323506770931, 0.05150300928061213, 0.6567212737305729, 0.5622669507507018, 0.5309808418312779, 0.9492010521292301, 0.4551017263131176, 0.49479953116607434, 0.948615439263141, 0.28920773395813015, 0.8442394925437201, 0.3139205286659347, 0.6565822638925236, 0.21396839492746966, 0.7181774720014379, 0.9115694007156973, 0.2036502374732163, 0.5702028623219139, 0.08461643141279451, 0.9390936672703414, 0.9772798507478377, 0.8268950021305771, 0.325345182438769, 0.23450249301302906, 0.8242813047314448, 0.3386981915755114, 0.5104343781408146, 0.7041052903229433, 0.2979794266049317, 0.8015237317730749, 0.19800975672142707, 0.5817658179992021, 0.9903841822381081, 0.47559960066858886, 0.5400725246655576, 0.6398028978231589, 0.21397153723991913, 0.322194638923184, 0.8106168754649958, 0.9653053137645122, 0.22648995455436438, 0.7366024550977635, 0.6477265515479901, 0.1035790592855258, 0.4637694993880773], "demand": 100, "number": 100}